time,sinusoid,square_wave,random_signal
0.0,0.0,0.0,0.6590007232399405
0.01001001001001001,0.06285329004448194,1.0,-0.0025610842901535027
0.02002002002002002,0.12545803018029605,1.0,0.2953141439354212
0.03003003003003003,0.18756665337583714,1.0,0.03207745473788544
0.04004004004004004,0.24893355446689167,1.0,1.3530687875988738
0.050050050050050046,0.3093160613888689,1.0,-0.657053426076767
0.06006006006006006,0.36847539481024993,1.0,0.03636629131375991
0.07007007007007007,0.42617761237243534,1.0,0.34796126587823234
0.08008008008008008,0.4821945338020477,1.0,1.072867726797187
0.09009009009009009,0.5363046432373824,1.0,-1.021772290098764
0.10010010010010009,0.588293965200805,1.0,0.9586377778137659
0.11011011011011011,0.6379569107531119,1.0,0.5434910846649997
0.12012012012012012,0.6850970904837809,1.0,-0.18395663921085323
0.13013013013013014,0.7295280911221885,1.0,0.3261454640299364
0.14014014014014015,0.7710742126987249,1.0,0.5796174463916027
0.15015015015015015,0.8095711633407441,1.0,0.8591385733839014
0.16016016016016016,0.8448667089558177,1.0,-0.36086635994526783
0.17017017017017017,0.8768212752331535,1.0,1.9544450735643915
0.18018018018018017,0.9053084995825965,1.0,1.945048265676298
0.19019019019019018,0.9302157308286042,1.0,-1.7035334474692274
0.20020020020020018,0.9514444746831767,1.0,0.17299634330215413
0.21021021021021022,0.9689107832361497,1.0,-1.459294256728011
0.22022022022022023,0.9825455869226278,1.0,1.1346934532042283
0.23023023023023023,0.9922949676548135,1.0,1.38279043661371
0.24024024024024024,0.9981203720381464,1.0,-0.3614755315451754
0.2502502502502503,0.9999987638285973,1.0,-0.46991200432646296
0.2602602602602603,0.9979227150282433,1.0,0.2068229510427347
0.2702702702702703,0.9919004352588767,1.0,0.5700228776025341
0.2802802802802803,0.9819557392975068,1.0,1.4108133879215936
0.2902902902902903,0.968127952902119,1.0,2.3983175227627935
0.3003003003003003,0.9504717573001117,1.0,-0.21640908646401164
0.3103103103103103,0.9290569729543627,1.0,-0.47780252643343374
0.3203203203203203,0.9039682834620161,1.0,0.998568534197228
0.3303303303303303,0.8753049006778131,1.0,-2.145824986350129
0.34034034034034033,0.8431801723862224,1.0,-1.9429042777936363
0.35035035035035034,0.8077211340738071,1.0,-0.21332636070669586
0.36036036036036034,0.7690680065743171,1.0,0.4334191858281832
0.37037037037037035,0.727373641573049,1.0,0.07028860838172869
0.38038038038038036,0.6828029171631891,1.0,0.6584017469570514
0.39039039039039036,0.6355320858443844,1.0,2.25408259052516
0.40040040040040037,0.5857480775418396,1.0,-0.27310311127035464
0.41041041041041043,0.5336477604021221,1.0,0.3344707335423609
0.42042042042042044,0.4794371622888099,1.0,1.6795947525639796
0.43043043043043044,0.4233306560565345,1.0,-0.501215567528159
0.44044044044044045,0.36555011182521907,1.0,0.5738003863545159
0.45045045045045046,0.3063240196067834,1.0,-1.1882164028298847
0.46046046046046046,0.24588658575385058,1.0,1.3014372303554702
0.47047047047047047,0.18447680680349254,1.0,0.9997404932068985
0.4804804804804805,0.12233752437845732,1.0,-1.6711359431143664
0.4904904904904905,0.0597144648832099,1.0,-1.2806542859084766
0.5005005005005005,-0.0031447322077364425,-1.0,-2.762504471644061
0.5105105105105106,-0.06599149362662067,-1.0,0.4379730520545082
0.5205205205205206,-0.12857729528186895,-1.0,0.05336283322850767
0.5305305305305306,-0.1906546450330645,-1.0,0.46550709147536184
0.5405405405405406,-0.25197806138512524,-1.0,-0.985400462510266
0.5505505505505506,-0.3123050442314896,-1.0,0.37859992939507103
0.5605605605605606,-0.37139703380756833,-1.0,-0.5719489641204238
0.5705705705705706,-0.4290203540623263,-1.0,0.25260782784636654
0.5805805805805806,-0.4849471367174876,-1.0,0.6819660488528948
0.5905905905905906,-0.5389562223602163,-1.0,-0.9224033861424205
0.6006006006006006,-0.590834035005958,-1.0,0.3978600926479609
0.6106106106106106,-0.6403754266730257,-1.0,-1.5286617005031218
0.6206206206206206,-0.6873844886291102,-1.0,1.0278065267436558
0.6306306306306306,-0.7316753261016784,-1.0,-0.7334428608850753
0.6406406406406406,-0.7730727933887176,-1.0,-0.39644306338038593
0.6506506506506506,-0.811413186462866,-1.0,0.3218091961032137
0.6606606606606606,-0.8465448903300604,-1.0,0.9521941582636373
0.6706706706706707,-0.8783289785827683,-1.0,0.3782267528735724
0.6806806806806807,-0.9066397627768891,-1.0,-0.34568125901482366
0.6906906906906907,-0.9313652894598539,-1.0,0.039238291877688
0.7007007007007007,-0.9524077828844513,-1.0,0.39304967314561934
0.7107107107107107,-0.9696840316576877,-1.0,0.8705882605468768
0.7207207207207207,-0.9831257177957041,-1.0,0.5015586626051298
0.7307307307307307,-0.9926796868835202,-1.0,-0.6017059705061741
0.7407407407407407,-0.9983081582712683,-1.0,-1.107359708777219
0.7507507507507507,-0.999988874475714,-1.0,0.6239117372584673
0.7607607607607607,-0.9977151891962615,-1.0,1.081552620159682
0.7707707707707707,-0.9914960935973847,-1.0,1.1828121647124321
0.7807807807807807,-0.9813561807535598,-1.0,0.6499922655030798
0.7907907907907907,-0.9673355483972904,-1.0,-1.6100550780685075
0.8008008008008007,-0.9494896403548136,-1.0,1.4038896947690453
0.8108108108108109,-0.9278890272965093,-1.0,-1.6930950138035321
0.8208208208208209,-0.9026191276690337,-1.0,0.261814404915124
0.8308308308308309,-0.8737798699127285,-1.0,-0.09841322236774068
0.8408408408408409,-0.8414852973000504,-1.0,1.3103262647475742
0.8508508508508509,-0.8058631169576691,-1.0,-2.0524586696228377
0.8608608608608609,-0.767054194855599,-1.0,-0.6725132442240492
0.8708708708708709,-0.7252119987603972,-1.0,0.1951730594076027
0.8808808808808809,-0.6805019913552525,-1.0,0.8662677824227387
0.8908908908908909,-0.6331009759268216,-1.0,-0.8002267844031671
0.9009009009009009,-0.5831963972062731,-1.0,0.02503113003306759
0.9109109109109109,-0.5309856001293204,-1.0,-1.3813582154358803
0.9209209209209209,-0.4766750494464279,-1.0,-1.074540243658171
0.9309309309309309,-0.42047951326921434,-1.0,0.8855045411063869
0.9409409409409409,-0.3626212137816673,-1.0,-0.10616208749309122
0.950950950950951,-0.3033289484746265,-1.0,-1.025275049181759
0.960960960960961,-0.2428371853785874,-1.0,1.4818186977574785
0.970970970970971,-0.18138513587265165,-1.0,-0.8176145539570049
0.980980980980981,-0.11921580873617338,-1.0,-0.9544510537669804
0.990990990990991,-0.05657504918379272,-1.0,-0.04406393330933483
1.001001001001001,0.006289433316067915,1.0,0.9437504758844408
1.011011011011011,0.06912904459478524,1.0,-1.3376841404752762
1.021021021021021,0.13169528883562395,1.0,-0.6646073057681476
1.031031031031031,0.19374075123689766,1.0,1.6444618706600684
1.0410410410410411,0.255020076400311,1.0,-2.8122209536334384
1.0510510510510511,0.31529093857550267,1.0,1.391551685411872
1.0610610610610611,0.3743149999240188,1.0,0.19848683273972734
1.0710710710710711,0.4318588530132977,1.0,1.117238180116888
1.0810810810810811,0.48769494381363454,1.0,-0.8140013773206123
1.0910910910910911,0.5416024715481897,1.0,-0.7073680487085048
1.1011011011011012,0.5933682618376205,1.0,-1.2726946720468695
1.1111111111111112,0.6427876096865391,1.0,-0.5051766670056637
1.1211211211211212,0.6896650889782622,1.0,0.6791755019666821
1.1311311311311312,0.7338153252767278,1.0,-0.3939132420688661
1.1411411411411412,0.7750637288796015,1.0,-0.8930357183323694
1.1511511511511512,0.8132471852237332,1.0,-1.0077992006180485
1.1611611611611612,0.8482146999128022,1.0,1.4615759455258566
1.1711711711711712,0.879827995816429,1.0,-0.30603399629228223
1.1811811811811812,0.9079620598795461,1.0,-0.023179025868176467
1.1911911911911912,0.9325056374797073,1.0,-0.8854909446509304
1.2012012012012012,0.9533616723774295,1.0,-0.7294536907271494
1.2112112112112112,0.9704476905197971,1.0,-0.8340180416266042
1.2212212212212212,0.9836961261796101,1.0,0.41266525120698017
1.2312312312312312,0.9930545891403676,1.0,0.34064741828756967
1.2412412412412412,0.9984860718705225,1.0,-0.7137507828849495
1.2512512512512513,0.999969095867747,1.0,1.5375246973999364
1.2612612612612613,0.9974977965944997,1.0,1.145629815697032
1.2712712712712713,0.9910819466690196,1.0,0.06047643440656096
1.2812812812812813,0.9807469172200399,1.0,-1.5625829625578034
1.2912912912912913,0.9665335775580417,1.0,1.1869236768360603
1.3013013013013013,0.9484981335597953,1.0,-0.4015429209282002
1.3113113113113113,0.9267119054052854,1.0,0.9618626449831649
1.3213213213213213,0.9012610455459449,1.0,-0.9828958302668755
1.3313313313313313,0.8722461980194862,1.0,-0.604895871922712
1.3413413413413413,0.8397821004585404,1.0,-1.0846773561908676
1.3513513513513513,0.803997130366941,1.0,0.9087807079437109
1.3613613613613613,0.7650327974578901,1.0,0.8565888247824817
1.3713713713713713,0.7230431840615104,1.0,0.8646779676989202
1.3813813813813813,0.6781943358146669,1.0,0.4861142769212767
1.3913913913913913,0.6306636050425574,1.0,1.337661312152858
1.4014014014014013,0.5806389494286067,1.0,0.6161296591280532
1.4114114114114114,0.5283181887460522,1.0,1.066405195428255
1.4214214214214214,0.4739082225904436,1.0,-1.6507840106527703
1.4314314314314314,0.41762421220646695,1.0,0.45110342212082394
1.4414414414414414,0.3596887296445369,1.0,-0.8924658564734678
1.4514514514514514,0.30033087761175115,1.0,2.110205525208285
1.4614614614614614,0.23978538349773612,1.0,0.5805625072519891
1.4714714714714714,0.1782916711579773,1.0,0.10655815241008078
1.4814814814814814,0.11609291412523105,1.0,-0.4215985248964045
1.4914914914914914,0.05343507399305771,1.0,0.469550957670842
1.5015015015015014,-0.009434072225895224,-1.0,1.2231257898978618
1.5115115115115114,-0.07226591192058601,-1.0,0.5128716235412076
1.5215215215215214,-0.1348119800065838,-1.0,0.4893613546291569
1.5315315315315314,-0.19682494146770377,-1.0,1.0808137767463497
1.5415415415415414,-0.2580595694288491,-1.0,0.6466323957222465
1.5515515515515514,-0.318273714892308,-1.0,-0.4909661353502595
1.5615615615615615,-0.37722926430276815,-1.0,-1.2670321635573139
1.5715715715715715,-0.4346930811543944,-1.0,-0.7125687158184352
1.5815815815815815,-0.49043792791641977,-1.0,-0.4310732074336398
1.5915915915915915,-0.5442433646315787,-1.0,0.7365075133643918
1.6016016016016015,-0.5958966206338965,-1.0,1.2334623902493798
1.6116116116116117,-0.645193435938694,-1.0,0.5993202297074816
1.6216216216216217,-0.691938868977546,-1.0,1.0324879423419082
1.6316316316316317,-0.7359480674841036,-1.0,-1.6707184598660862
1.6416416416416417,-0.7770469994822891,-1.0,0.6718111462621508
1.6516516516516517,-0.815073141486262,-1.0,-0.8735104120107386
1.6616616616616617,-0.8498761211906863,-1.0,0.02942811857267044
1.6716716716716717,-0.8813183121098072,-1.0,-1.2773066240097837
1.6816816816816818,-0.909275377813888,-1.0,1.1259613155458164
1.6916916916916918,-0.933636763610846,-1.0,-1.2810316192189783
1.7017017017017018,-0.954306133728749,-1.0,-1.1285718232639006
1.7117117117117118,-0.9712017522703766,-1.0,-0.922579678658319
1.7217217217217218,-0.9842568064333685,-1.0,-0.37565701094485743
1.7317317317317318,-0.9934196707178105,-1.0,-0.4608236533501721
1.7417417417417418,-0.9986541110764566,-1.0,-0.5888160117859058
1.7517517517517518,-0.9999394282002938,-1.0,0.7506474676880898
1.7617617617617618,-0.9972705393728327,-1.0,-1.2844228897329175
1.7717717717717718,-0.9906579985694316,-1.0,0.282188589008452
1.7817817817817818,-0.9801279547221768,-1.0,0.08371565741398405
1.7917917917917918,-0.9657220483153548,-1.0,0.030938923194303466
1.8018018018018018,-0.9474972467204297,-1.0,-2.061577105124845
1.8118118118118118,-0.9255256189216783,-1.0,-0.9099410100688025
1.8218218218218218,-0.8998940505233182,-1.0,0.7103421161119332
1.8318318318318318,-0.8707039001651273,-1.0,-0.6288390532475097
1.8418418418418419,-0.8380705987052272,-1.0,-2.5495660692700026
1.8518518518518519,-0.8021231927550442,-1.0,-0.3113777151275845
1.8618618618618619,-0.7630038343715274,-1.0,-0.910991033065246
1.8718718718718719,-0.720867218924586,-1.0,-0.8917034023622755
1.8818818818818819,-0.6758799733626796,-1.0,-2.653682390269393
1.8918918918918919,-0.6282199972956424,-1.0,1.515101323693353
1.901901901901902,-0.5780757595003704,-1.0,0.9060512949645881
1.911911911911912,-0.5256455526313214,-1.0,0.41230528221284213
1.921921921921922,-0.4711367090830182,-1.0,-0.868343846927396
1.931931931931932,-0.41476478110540693,-1.0,0.5216322059262591
1.941941941941942,-0.3567526884142328,-1.0,-1.3801113545822952
1.951951951951952,-0.29732983666717294,-1.0,0.904502981129177
1.961961961961962,-0.23673121029167984,-1.0,-0.9655752650831856
1.971971971971972,-0.17519644325187025,-1.0,0.9146431621584669
1.981981981981982,-0.11296887142907358,-1.0,-0.972144799891074
1.991991991991992,-0.050294570363366396,-1.0,1.7326802389073241
2.002002002002002,0.012578617838741387,1.0,-1.0584041482343989
2.012012012012012,0.07540206458240246,1.0,1.8816838032850343
2.022022022022022,0.13792733797265497,1.0,0.1917818172717939
2.032032032032032,0.19990718522480477,1.0,-0.0004768567106914112
2.042042042042042,0.2610965104120889,1.0,0.33040061296217804
2.052052052052052,0.32125334368414493,1.0,0.24823465379635162
2.062062062062062,0.3801397981235967,1.0,-0.20673092200227244
2.0720720720720722,0.4375230104569048,1.0,-1.7756151886003275
2.0820820820820822,0.49317606189947527,1.0,0.5445576593185377
2.0920920920920922,0.5468788754936272,1.0,-0.5262913569993386
2.1021021021021022,0.5984190863909271,1.0,-0.4036346727452288
2.1121121121121122,0.6475928816373947,1.0,-1.201317126067865
2.1221221221221223,0.6942058061407224,1.0,-0.8713797360306424
2.1321321321321323,0.7380735316323392,1.0,-0.8409349688801011
2.1421421421421423,0.7790225855834918,1.0,0.4518966009930679
2.1521521521521523,0.8168910371929051,1.0,0.2533952998228568
2.1621621621621623,0.8515291377333113,1.0,0.3584575972180561
2.1721721721721723,0.8827999127246198,1.0,1.1650564985331222
2.1821821821821823,0.9105797035920352,1.0,-1.9125505685831703
2.1921921921921923,0.934758656667151,1.0,0.6663942609662452
2.2022022022022023,0.9552411575982871,1.0,-1.5051535123447237
2.2122122122122123,0.971946209452234,1.0,-0.30936555055218523
2.2222222222222223,0.984807753012208,1.0,0.29814240345977827
2.2322322322322323,0.9937749280054241,1.0,0.2530272929331878
2.2422422422422423,0.9988122742272693,1.0,0.6408373974382003
2.2522522522522523,0.9998998717667491,1.0,-0.11986368588088259
2.2622622622622623,0.9970334197786902,1.0,1.5543980329916849
2.2722722722722724,0.9902242534911984,1.0,-0.032224637709640694
2.2822822822822824,0.9794992993811168,1.0,-1.1563966413261981
2.2922922922922924,0.9649009686947393,1.0,-0.7391198827921858
2.3023023023023024,0.9464869897348525,1.0,-0.37772494929691364
2.3123123123123124,0.9243301795773087,1.0,-2.5113977734779684
2.3223223223223224,0.8985181561198673,1.0,0.9787512945052776
2.3323323323323324,0.8691529916019987,1.0,-0.23750507643755744
2.3423423423423424,0.8363508089657767,1.0,1.074577153829089
2.3523523523523524,0.8002413226540325,1.0,1.5143849108434944
2.3623623623623624,0.7609673256616677,1.0,2.46550557815764
2.3723723723723724,0.718684124868538,1.0,-0.343868279356671
2.3823823823823824,0.6735589268868664,1.0,-1.0166541421221105
2.3923923923923924,0.625770176851806,1.0,-0.6637199394151407
2.4024024024024024,0.5755068527698897,1.0,-1.7696700407853332
2.4124124124124124,0.5229677182158031,1.0,1.5014571504540557
2.4224224224224224,0.4683605363326608,1.0,0.6402049275555829
2.4324324324324325,0.4119012482439925,1.0,-0.1539828391764276
2.4424424424424425,0.35381311912633967,1.0,-1.6213239066541194
2.4524524524524525,0.2943258553192823,1.0,-2.61292947217003
2.4624624624624625,0.23367469596425242,1.0,-0.2585873801057205
2.4724724724724725,0.17209948276417023,1.0,-1.2739882808781955
2.4824824824824825,0.10984371154250068,1.0,0.7747609829619936
2.4924924924924925,0.047153569352305795,1.0,1.500607442592714
2.5025025025025025,-0.015723039057039635,-1.0,-2.087010951471645
2.5125125125125125,-0.07853747156566879,-1.0,1.241369857265331
2.5225225225225225,-0.14104133192491905,-1.0,0.6519556459462528
2.5325325325325325,-0.20298745202675986,-1.0,0.7397626358895343
2.5425425425425425,-0.2641308693166054,-1.0,1.022768836340703
2.5525525525525525,-0.32422979548436887,-1.0,-0.9907998853674216
2.5625625625625625,-0.38304657260316616,-1.0,-0.25666882828382376
2.5725725725725725,-0.44034861293461824,-1.0,1.7714500010264052
2.5825825825825826,-0.4959093186843888,-1.0,0.13999692566185587
2.5925925925925926,-0.5495089780708058,-1.0,-0.2275457333159145
2.6026026026026026,-0.6009356341631231,-1.0,-0.6763109171755952
2.6126126126126126,-0.6499859230536447,-1.0,-0.28831315168469124
2.6226226226226226,-0.6964658780492203,-1.0,-0.354941354973561
2.6326326326326326,-0.7401916967019426,-1.0,1.2207556606758696
2.6426426426426426,-0.780990467645917,-1.0,-1.809761474145213
2.6526526526526526,-0.8187008543658278,-1.0,-0.6684922105580705
2.6626626626626626,-0.8531737331933928,-1.0,1.110305801281676
2.6726726726726726,-0.8842727830087779,-1.0,0.5516753960385749
2.6826826826826826,-0.9118750243150326,-1.0,0.2692061595140143
2.6926926926926926,-0.9358713055538114,-1.0,0.8464363395347294
2.7027027027027026,-0.9561667347392507,-1.0,-0.26862662004933985
2.7127127127127126,-0.97268105470316,-1.0,-1.0548491754937261
2.7227227227227226,-0.9853489604676164,-1.0,-0.6435181916772482
2.7327327327327327,-0.9941203574899391,-1.0,0.23307010993033184
2.7427427427427427,-0.9989605597588274,-1.0,-1.473310736610706
2.7527527527527527,-0.9998504269583006,-1.0,2.274763536799306
2.7627627627627627,-0.9967864401570343,-1.0,0.7244529063288944
2.7727727727727727,-0.9897807157237835,-1.0,-2.5738424979198697
2.7827827827827827,-0.9788609574138617,-1.0,0.5863179430588235
2.7927927927927927,-0.9640703468161508,-1.0,1.0016086797097181
2.8028028028028027,-0.9454673725938645,-1.0,-1.0976874485751342
2.8128128128128127,-0.9231255991943133,-1.0,0.9660739357774628
2.8228228228228227,-0.8971333759423148,-1.0,0.3234721329271096
2.8328328328328327,-0.8675934876676019,-1.0,0.7137262653601141
2.8428428428428427,-0.8346227482478179,-1.0,-1.2883847522886327
2.8528528528528527,-0.7983515386744063,-1.0,-0.8200989673326408
2.8628628628628627,-0.758923291468089,-1.0,1.3065256363983089
2.8728728728728727,-0.7164939234827854,-1.0,0.41376647010957157
2.8828828828828827,-0.6712312193409046,-1.0,-0.9412137650818295
2.8928928928928928,-0.6233141679382181,-1.0,-0.32304166590298194
2.9029029029029028,-0.5729322546420209,-1.0,-0.9225579134685877
2.9129129129129128,-0.5202847119815796,-1.0,-0.5373655347418395
2.9229229229229228,-0.4655797317939573,-1.0,-3.3705680313884834
2.932932932932933,-0.40903364194074887,-1.0,-0.33234841400742293
2.942942942942943,-0.3508700508513331,-1.0,-0.1078714960727691
2.952952952952953,-0.29131896327554935,-1.0,-0.48237774722574633
2.962962962962963,-0.2306158707424418,-1.0,-1.6868387916959469
2.972972972972973,-0.16900082032185018,-1.0,-0.3655732241828503
2.982982982982983,-0.10671746537135948,-1.0,0.06262109580413532
2.992992992992993,-0.04401210202238526,-1.0,-0.2310783499935264
3.003003003003003,0.01886730478446403,1.0,0.8537675251802073
3.013013013013013,0.08167210186320413,1.0,-0.6658685799415908
3.023023023023023,0.14415393106795635,1.0,2.375804876499681
3.033033033033033,0.2060657114116912,1.0,0.6313205386500914
3.043043043043043,0.26716261613452047,1.0,0.016160194374705308
3.053053053053053,0.32720304085777135,1.0,0.16237497353888222
3.063063063063063,0.3859495589953256,1.0,-0.11541022332305913
3.073073073073073,0.44316986064412356,1.0,-1.7242312273325364
3.083083083083083,0.4986376712409894,1.0,-1.5261416548101656
3.093093093093093,0.5521336463530686,1.0,0.10451408240190106
3.103103103103103,0.6034462390634251,1.0,0.20099517204928918
3.113113113113113,0.6523725365217904,1.0,0.10484728548273028
3.123123123123123,0.6987190623523648,1.0,-0.611737386099791
3.133133133133133,0.7423025417456073,1.0,0.14405558106097235
3.143143143143143,0.7829506262084616,1.0,0.8991220806533219
3.153153153153153,0.8205025751070864,1.0,0.7886451370439884
3.163163163163163,0.8548098913069251,1.0,-0.2554561812182664
3.173173173173173,0.8857369083965287,1.0,0.3126564891135447
3.183183183183183,0.9131613271729829,1.0,1.0656941760241017
3.193193193193193,0.9369746992674368,1.0,0.051107023136577306
3.203203203203203,0.9570828559982701,1.0,-0.35772583394135665
3.2132132132132134,0.9734062807560032,1.0,-0.7498509053553111
3.2232232232232234,0.985880423447396,1.0,0.4074795432745239
3.2332332332332334,0.9944559557552777,1.0,0.5379884647551512
3.2432432432432434,0.9990989662046816,1.0,0.1583621557205752
3.2532532532532534,0.9997910942639264,1.0,1.0099994135006796
3.2632632632632634,0.9965296029503367,1.0,-0.8294962786884671
3.2732732732732734,0.9893273896534933,1.0,-0.09306903478435513
3.2832832832832834,0.9782129351332083,1.0,-0.9818670026320608
3.2932932932932935,0.9632301908939123,1.0,0.5976959715405956
3.3033033033033035,0.9444384053808293,1.0,-0.8976331826577756
3.3133133133133135,0.9219118896852253,1.0,1.4410025497182997
3.3233233233233235,0.8957397236852555,1.0,-0.9573957517573942
3.3333333333333335,0.8660254037844384,1.0,1.1430231401254698
3.3433433433433435,0.832886433640773,1.0,0.536942669224447
3.3533533533533535,0.7964538595049283,1.0,2.256735923715718
3.3633633633633635,0.7568717520049929,1.0,-0.11726730529164883
3.3733733733733735,0.7142966364270218,1.0,0.5433257371131585
3.3833833833833835,0.6688968737443399,1.0,1.5452363264254612
3.3933933933933935,0.6208519948432436,1.0,-0.22205691462499758
3.4034034034034035,0.5703519905779009,1.0,0.48589276384767177
3.4134134134134135,0.5175965604618774,1.0,0.864029236145868
3.4234234234234235,0.4627943229672975,1.0,-1.3764896923173442
3.4334334334334335,0.40616199055447366,1.0,-0.849087552886308
3.4434434434434436,0.34792351269428473,1.0,-0.8182100376881651
3.4534534534534536,0.2883091902722222,1.0,2.5922770213932917
3.4634634634634636,0.2275547648760822,1.0,2.1549184366965712
3.4734734734734736,0.16590048656871265,1.0,-1.4911014170414392
3.4834834834834836,0.10359016383223804,1.0,0.6933494953572504
3.4934934934934936,0.04087019944071332,1.0,-1.0360829859660712
3.5035035035035036,-0.022011383926226362,-1.0,-0.7524620091795637
3.5135135135135136,-0.08480592447550853,-1.0,0.16249045629148545
3.5235235235235236,-0.14726510462014103,-1.0,-0.7837768506249005
3.5335335335335336,-0.20914193293756778,-1.0,-1.067592866490041
3.5435435435435436,-0.27019172088378307,-1.0,1.6739386402548577
3.5535535535535536,-0.3301730504008349,-1.0,0.7018939070027201
3.5635635635635636,-0.38884872859138614,-1.0,0.1174134657720802
3.5735735735735736,-0.44598672568507514,-1.0,-0.44893278849963225
3.5835835835835836,-0.5013610925876054,-1.0,-1.0664077176124664
3.5935935935935936,-0.554752854384117,-1.0,0.24492465437628677
3.6036036036036037,-0.6059508762635485,-1.0,-0.5861062764626466
3.6136136136136137,-0.6547526984397358,-1.0,2.040466140221839
3.6236236236236237,-0.7009653367675961,-1.0,0.8868043820846837
3.6336336336336337,-0.7444060458884182,-1.0,-0.24528741920664526
3.6436436436436437,-0.784903041886404,-1.0,1.2588246882685248
3.6536536536536537,-0.8222961815988094,-1.0,0.23366265200450395
3.6636636636636637,-0.8564375958933459,-1.0,-0.5032698942110034
3.6736736736736737,-0.8871922744086043,-1.0,0.18153201700506083
3.6836836836836837,-0.9144385994451647,-1.0,0.1611051529900896
3.6936936936936937,-0.9380688268961652,-1.0,1.3101173786715323
3.7037037037037037,-0.9579895123154887,-1.0,-0.7528549261129768
3.7137137137137137,-0.9741218804387362,-1.0,0.02993076973607653
3.7237237237237237,-0.9864021366957144,-1.0,-0.9900642308170087
3.7337337337337337,-0.9947817194825852,-1.0,-0.14278832065190586
3.7437437437437437,-0.9992274921960795,-1.0,-0.02669838442649631
3.7537537537537538,-0.9997218742703889,-1.0,-0.4265824934420404
3.7637637637637638,-0.9962629106985544,-1.0,0.6078851579458411
3.7737737737737738,-0.9888642797634357,-1.0,0.43366918752229583
3.7837837837837838,-0.9775552389476864,-1.0,1.6684756863976122
3.793793793793794,-0.9623805092366337,-1.0,0.9381924200821046
3.803803803803804,-0.943400098271581,-1.0,-0.03734502706490008
3.813813813813814,-0.9206890630528639,-1.0,0.5575365945107941
3.823823823823824,-0.8943372131310279,-1.0,-0.4380248367289847
3.833833833833834,-0.8644487554598654,-1.0,-0.6561349045119682
3.843843843843844,-0.8311418823156941,-1.0,1.3792221555812036
3.853853853853854,-0.7945483039124439,-1.0,-0.017091613041044954
3.863863863863864,-0.7548127275607989,-1.0,0.8794648582220808
3.873873873873874,-0.7120922854310274,-1.0,-1.0855113525972069
3.883883883883884,-0.6665559131823736,-1.0,1.6515316721152609
3.893893893893894,-0.6183836819162166,-1.0,0.9199379086101169
3.903903903903904,-0.5677660860947087,-1.0,-1.1119292377373158
3.913913913913914,-0.5149032902408132,-1.0,-0.10783944838647531
3.923923923923924,-0.4600043373986111,-1.0,-1.5047947661314613
3.933933933933934,-0.4032863224839841,-1.0,-1.0399766413454914
3.943943943943944,-0.34497353379459295,-1.0,-0.7672525915981002
3.953953953953954,-0.2852965660740518,-1.0,0.3339384083962633
3.963963963963964,-0.22449140863757408,-1.0,-0.8914223912812573
3.973973973973974,-0.16279851216509528,-1.0,0.6072509190821771
3.983983983983984,-0.10046183785216838,-1.0,-0.18193756673504102
3.993993993993994,-0.03772789267871706,-1.0,0.913631812128824
4.004004004004004,0.025155245389376506,1.0,-2.209144133426931
4.014014014014014,0.08793890841106243,1.0,0.5201625480477126
4.024024024024024,0.15037482181393844,1.0,1.138526121445621
4.034034034034034,0.21221608618251014,1.0,-0.5815338149841714
4.044044044044044,0.2732181536084686,1.0,-1.1522989375723625
4.054054054054054,0.3331397947420574,1.0,0.6799666381681492
4.064064064064064,0.39174405272039764,1.0,0.5369118406174043
4.074074074074074,0.4487991802004629,1.0,-1.3031662534204291
4.084084084084084,0.5040795557913257,1.0,0.6121840368966245
4.094094094094094,0.5573665762616437,1.0,-1.1452091909208018
4.104104104104104,0.6084495209942189,1.0,-0.540883679422167
4.114114114114114,0.6571263852691881,1.0,-0.49729931506667946
4.124124124124124,0.703204679080684,1.0,1.2594858169988683
4.134134134134134,0.7465021883280525,1.0,1.3309395343561135
4.1441441441441444,0.7868476953715907,1.0,0.4755869745720224
4.1541541541541545,0.8240816561033654,1.0,-1.1938550221664808
4.1641641641641645,0.8580568308556886,1.0,0.2323347530967678
4.1741741741741745,0.8886388666523554,1.0,1.0323716104953324
4.1841841841841845,0.9157068285001689,1.0,-0.8660325695790922
4.1941941941941945,0.9391536776197679,1.0,0.4912960914244801
4.2042042042042045,0.9588866947246502,1.0,-1.17407574782082
4.2142142142142145,0.9748278466745346,1.0,-1.3725492456421502
4.2242242242242245,0.9869140950531603,1.0,0.5351977997403259
4.2342342342342345,0.9950976454502661,1.0,0.7499457325655574
4.2442442442442445,0.999346136461981,1.0,1.120359078727419
4.2542542542542545,0.9996427676622301,1.0,-0.10545787583106453
4.2642642642642645,0.9959863660391043,1.0,0.8366659565724428
4.2742742742742745,0.9883913906334727,1.0,-1.644865991565565
4.2842842842842845,0.9768878753614924,1.0,1.013131900664203
4.2942942942942945,0.9615213102471251,1.0,0.9398786824043831
4.3043043043043046,0.9423524615343191,1.0,0.04739800675414919
4.314314314314315,0.9194571313902056,1.0,0.23540613673509497
4.324324324324325,0.8929258581495684,1.0,-0.02739597855256895
4.334334334334335,0.8628635582859308,1.0,0.5846544590746371
4.344344344344345,0.8293891115250822,1.0,2.1881060849905793
4.354354354354355,0.7926348907416839,1.0,-1.2405891913572937
4.364364364364365,0.7527462384979559,1.0,-0.3040694005809652
4.374374374374375,0.7098808922944293,1.0,-1.0527268073140066
4.384384384384385,0.6642083608056143,1.0,0.3488488047255379
4.394394394394395,0.6159092535671794,1.0,0.4933784916265887
4.404404404404405,0.5651745667653921,1.0,0.2882410641143509
4.414414414414415,0.5122049279531132,1.0,-0.27276307330221317
4.424424424424425,0.4572098026790775,1.0,-0.9028417140837095
4.434434434434435,0.400406666167805,1.0,-1.082697959623194
4.444444444444445,0.34202014332566943,1.0,0.5903785922728696
4.454454454454455,0.2822811204739719,1.0,0.21661365882459088
4.464464464464465,0.22142583232155882,1.0,-1.9763567353913183
4.474474474474475,0.15969492778754854,1.0,0.686829306767017
4.484484484484485,0.09733251836830119,1.0,-0.771982774458953
4.494494494494495,0.03458521281181889,1.0,0.5939176373257117
4.504504504504505,-0.02829885808311705,-1.0,-0.8457331822535619
4.514514514514515,-0.09107102268664033,-1.0,0.29817088861383684
4.524524524524525,-0.1534830518962163,-1.0,-0.5122078164373587
4.534534534534535,-0.2152881407450909,-1.0,-1.7579133959600157
4.544544544544545,-0.2762418843790755,-1.0,-0.043347742403288515
4.554554554554555,-0.3361032445422176,-1.0,-0.2830008460696751
4.564564564564565,-0.3946355027494396,-1.0,0.5908734174506045
4.574574574574575,-0.4516071963768943,-1.0,0.5947076215027411
4.584584584584585,-0.5067930339682721,-1.0,-0.840435655926244
4.594594594594595,-0.5599747861375954,-1.0,0.7671795988264131
4.604604604604605,-0.6109421485454235,-1.0,-1.2507880193082128
4.614614614614615,-0.6594935735358969,-1.0,1.8102063420425638
4.624624624624625,-0.7054370671459519,-1.0,-0.9819642760111005
4.634634634634635,-0.74859094833499,-1.0,0.5091253063114938
4.644644644644645,-0.7887845674326311,-1.0,-0.8880787150594628
4.654654654654655,-0.8258589809635432,-1.0,1.2070277921231343
4.664664664664665,-0.8596675801807454,-1.0,-1.2388859476682534
4.674674674674675,-0.8900766708219062,-1.0,0.6645145573968095
4.684684684684685,-0.9169660017960124,-1.0,-0.5957771044770592
4.694694694694695,-0.9402292407097584,-1.0,-0.780321612431505
4.704704704704705,-0.959774394353189,-1.0,0.5698447457742603
4.714714714714715,-0.9755241724818388,-1.0,-0.27342516581009224
4.724724724724725,-0.9874162934567888,-1.0,-1.012039164963218
4.734734734734735,-0.9954037305340127,-1.0,1.2643022218928022
4.744744744744745,-0.9994548978290695,-1.0,-1.0622873731177165
4.754754754754755,-0.999553775221764,-1.0,0.7941139465407276
4.764764764764765,-0.9956999717068378,-1.0,-0.9170031995277516
4.774774774774775,-0.9879087269401781,-1.0,1.201561973178743
4.784784784784785,-0.9762108509744297,-1.0,-0.9790766672547025
4.794794794794795,-0.9606526024223211,-1.0,0.026420804371571634
4.804804804804805,-0.941295505529503,-1.0,-0.983794529272764
4.814814814814815,-0.9182161068802748,-1.0,-1.2173795970181032
4.824824824824825,-0.8915056726982846,-1.0,0.42869059715406627
4.834834834834835,-0.8612698279392313,-1.0,0.7676104459750136
4.844844844844845,-0.8276281386027315,-1.0,1.2558789227063325
4.854854854854855,-0.7907136389150939,-1.0,0.9770779802763019
4.864864864864865,-0.7506723052527242,-1.0,0.007717738023008842
4.874874874874875,-0.7076624788865062,-1.0,2.1047296553687884
4.884884884884885,-0.6618542398298696,-1.0,0.652098299715088
4.894894894894895,-0.6134287342666629,-1.0,-0.2546367811178011
4.904904904904905,-0.5625774582184379,-1.0,1.4696239483288651
4.914914914914915,-0.5095015002838735,-1.0,-1.595417444051887
4.924924924924925,-0.45441074644487733,-1.0,-0.8717742558526338
4.934934934934935,-0.3975230500839124,-1.0,0.6349145919583936
4.944944944944945,-0.3390633704946775,-1.0,-0.06618085155831518
4.954954954954955,-0.2792628832928319,-1.0,1.4950422617256238
4.964964964964965,-0.21835806624464676,-1.0,-0.07671492641683143
4.974974974974975,-0.15658976412855846,-1.0,-1.6519635007027986
4.984984984984985,-0.0942022363276265,-1.0,-0.2781293399907627
4.994994994994995,-0.031442190919120316,-1.0,-0.02127091067862522
5.005005005005005,0.031442190919117874,1.0,0.7644726860521126
5.015015015015015,0.09420223632762408,1.0,0.444131546623349
5.025025025025025,0.15658976412855607,1.0,-1.0170995563163066
5.035035035035035,0.21835806624464438,1.0,1.0075438716032947
5.045045045045045,0.27926288329282956,1.0,-0.9731272495588404
5.055055055055055,0.3390633704946752,1.0,-2.090056845374797
5.065065065065065,0.39752305008391015,1.0,1.1810035550200366
5.075075075075075,0.45441074644487517,1.0,-0.5626735572186927
5.085085085085085,0.5095015002838714,1.0,-0.49129044182615395
5.095095095095095,0.5625774582184357,1.0,1.2491805057329988
5.105105105105105,0.6134287342666582,1.0,-1.2101427821754178
5.115115115115115,0.6618542398298677,1.0,0.9046715779333842
5.125125125125125,0.707662478886502,1.0,-0.14190678288448808
5.135135135135135,0.7506723052527249,1.0,0.8722590551943505
5.145145145145145,0.7907136389150924,1.0,-0.26913315309477487
5.155155155155155,0.8276281386027322,1.0,-0.9136506878205449
5.165165165165165,0.86126982793923,1.0,0.8542565638898857
5.175175175175175,0.8915056726982817,1.0,-2.081374887364468
5.185185185185185,0.9182161068802738,1.0,2.1786254146185997
5.195195195195195,0.9412955055295021,1.0,-0.09132764158680415
5.205205205205205,0.9606526024223214,1.0,-0.31984069093529016
5.215215215215215,0.9762108509744292,1.0,-0.39996280862880396
5.225225225225225,0.9879087269401772,1.0,1.1803387262510647
5.235235235235235,0.9956999717068374,1.0,-1.609457999482788
5.245245245245245,0.999553775221764,1.0,0.19128588055551202
5.255255255255255,0.9994548978290695,1.0,-0.27221690717220265
5.265265265265265,0.9954037305340128,1.0,-0.333613366721196
5.275275275275275,0.9874162934567887,1.0,0.9720582469510959
5.285285285285285,0.9755241724818393,1.0,-1.0417715322492418
5.295295295295295,0.9597743943531906,1.0,0.251699180218306
5.305305305305305,0.9402292407097593,1.0,-0.13434323402376777
5.315315315315315,0.9169660017960148,1.0,-0.9048603924443492
5.325325325325325,0.8900766708219057,1.0,-0.8612567253255274
5.335335335335335,0.8596675801807466,1.0,-0.020929276646723456
5.345345345345345,0.8258589809635425,1.0,-0.15410340389677124
5.355355355355355,0.7887845674326326,1.0,1.8027975841187762
5.365365365365365,0.7485909483349938,1.0,-2.768622512784418
5.375375375375375,0.7054370671459537,1.0,0.6214503965875202
5.385385385385385,0.6594935735358987,1.0,-0.0023408455023341984
5.395395395395395,0.6109421485454226,1.0,0.051797721691414424
5.405405405405405,0.5599747861375975,1.0,0.0635289572762742
5.415415415415415,0.5067930339682774,1.0,1.0000460867565573
5.425425425425425,0.45160719637689645,1.0,0.030767625059569762
5.435435435435435,0.3946355027494451,1.0,-0.8583868921033417
5.445445445445445,0.33610324454221663,1.0,0.5519314894708639
5.455455455455455,0.2762418843790778,1.0,-2.1069672313988046
5.465465465465465,0.21528814074508984,1.0,-0.37509332185343447
5.475475475475475,0.15348305189621875,1.0,-1.5566042511743488
5.485485485485485,0.0910710226866463,1.0,1.4308037247450454
5.495495495495495,0.0282988580831195,1.0,0.6964568493249476
5.505505505505505,-0.03458521281181289,-1.0,2.415571910585808
5.515515515515515,-0.0973325183683023,-1.0,0.8858825603577877
5.525525525525525,-0.15969492778754613,-1.0,0.1635183487800392
5.535535535535535,-0.22142583232155988,-1.0,0.8950197633981072
5.545545545545545,-0.2822811204739696,-1.0,0.43053675920812357
5.555555555555555,-0.3420201433256638,-1.0,-1.3152011856903758
5.565565565565565,-0.4004066661678028,-1.0,1.0761963258669363
5.575575575575575,-0.45720980267907535,-1.0,0.4364033228826271
5.585585585585585,-0.5122049279531141,-1.0,0.6088566371231081
5.595595595595595,-0.5651745667653901,-1.0,2.001250209429493
5.605605605605605,-0.6159092535671747,-1.0,0.8926540724157878
5.615615615615615,-0.6642083608056124,-1.0,-0.746864237554451
5.625625625625625,-0.7098808922944251,-1.0,0.5133844493724384
5.635635635635635,-0.7527462384979543,-1.0,0.6786055055823007
5.645645645645645,-0.7926348907416824,-1.0,2.4539562941054274
5.655655655655655,-0.8293891115250828,-1.0,1.4686453448664212
5.665665665665665,-0.8628635582859295,-1.0,-1.658087937411935
5.675675675675675,-0.8929258581495657,-1.0,-0.46701911349738584
5.685685685685685,-0.9194571313902046,-1.0,-1.3881422971889998
5.6956956956956954,-0.942352461534317,-1.0,1.2389564149755123
5.7057057057057055,-0.9615213102471254,-1.0,0.9683665763479522
5.7157157157157155,-0.9768878753614918,-1.0,-1.1496492137556074
5.7257257257257255,-0.9883913906334727,-1.0,0.4603159034133486
5.7357357357357355,-0.9959863660391041,-1.0,-0.41065690934789795
5.7457457457457455,-0.9996427676622299,-1.0,0.511280998537102
5.7557557557557555,-0.999346136461981,-1.0,0.5906826081289704
5.7657657657657655,-0.9950976454502664,-1.0,-0.7529842758848388
5.7757757757757755,-0.9869140950531601,-1.0,-0.05519731397733903
5.7857857857857855,-0.9748278466745351,-1.0,0.7209578748420913
5.7957957957957955,-0.9588866947246518,-1.0,-1.406633899990737
5.8058058058058055,-0.9391536776197686,-1.0,0.19495457102948935
5.8158158158158155,-0.9157068285001714,-1.0,-0.6084765659919549
5.8258258258258255,-0.8886388666523565,-1.0,-0.4090172182524595
5.8358358358358355,-0.8580568308556898,-1.0,-0.5607462481385778
5.8458458458458455,-0.8240816561033647,-1.0,1.1623238867561139
5.8558558558558556,-0.7868476953715923,-1.0,-1.046570975773369
5.865865865865866,-0.7465021883280565,-1.0,-0.15223512224353544
5.875875875875876,-0.7032046790806856,-1.0,-0.6244343749620028
5.885885885885886,-0.6571263852691926,-1.0,-0.5202771242922122
5.895895895895896,-0.608449520994218,-1.0,-0.3214315621502414
5.905905905905906,-0.5573665762616457,-1.0,-0.46942560309215353
5.915915915915916,-0.5040795557913248,-1.0,-0.20780654400104667
5.925925925925926,-0.44879918020046505,-1.0,-1.1594259004613259
5.935935935935936,-0.39174405272040314,-1.0,-0.7534826485074727
5.945945945945946,-0.3331397947420597,-1.0,0.7051393402723821
5.955955955955956,-0.27321815360847096,-1.0,0.3764327269640966
5.965965965965966,-0.21221608618250906,-1.0,-0.11313375083219075
5.975975975975976,-0.15037482181394085,-1.0,1.2825926403940746
5.985985985985986,-0.08793890841106843,-1.0,0.7213497199905786
5.995995995995996,-0.025155245389378956,-1.0,0.778297996062602
6.006006006006006,0.03772789267871106,1.0,-2.1602842538300995
6.016016016016016,0.10046183785216593,1.0,-0.5348240867589968
6.026026026026026,0.16279851216508937,1.0,0.11229711085120767
6.036036036036036,0.2244914086375717,1.0,0.2731880716380996
6.046046046046046,0.285296566074046,1.0,-1.5005172481328028
6.056056056056056,0.344973533794584,1.0,1.017302011439814
6.066066066066066,0.4032863224839786,1.0,2.006951468898522
6.076076076076076,0.46000433739860574,1.0,-0.5529509746158854
6.086086086086086,0.514903290240811,1.0,-1.3980055324704121
6.096096096096096,0.5677660860947038,1.0,-1.6455688385554395
6.106106106106106,0.6183836819162147,1.0,2.1116989107518447
6.116116116116116,0.6665559131823692,1.0,1.3254934339423314
6.126126126126126,0.7120922854310208,1.0,-0.1417898511263924
6.136136136136136,0.7548127275607972,1.0,0.5420419451564226
6.146146146146146,0.7945483039124404,1.0,-1.0649852029567928
6.156156156156156,0.8311418823156927,1.0,0.5979505991215429
6.166166166166166,0.8644487554598624,1.0,0.5987414084605546
6.176176176176176,0.8943372131310268,1.0,-2.0040534813469213
6.186186186186186,0.9206890630528616,1.0,1.377057803391081
6.196196196196196,0.9434000982715791,1.0,0.356605607224719
6.206206206206206,0.962380509236633,1.0,2.5672996493898483
6.216216216216216,0.9775552389476851,1.0,0.14270468940999395
6.226226226226226,0.9888642797634354,1.0,0.049044182497446645
6.236236236236236,0.9962629106985539,1.0,-0.3798367416302002
6.246246246246246,0.9997218742703887,1.0,0.281577072105027
6.256256256256256,0.9992274921960798,1.0,-0.2126939645053398
6.266266266266266,0.9947817194825858,1.0,1.0473031445772276
6.276276276276276,0.986402136695715,1.0,-0.9040356656053101
6.286286286286286,0.9741218804387377,1.0,1.3359161602872192
6.296296296296296,0.9579895123154893,1.0,1.7261418742329178
6.306306306306306,0.9380688268961673,1.0,-1.3637785327894132
6.316316316316316,0.9144385994451686,1.0,0.9789576967415261
6.326326326326326,0.8871922744086054,1.0,-0.5278579068643034
6.336336336336336,0.8564375958933491,1.0,-1.5145304462444775
6.346346346346346,0.8222961815988107,1.0,0.2870810489638521
6.356356356356356,0.7849030418864078,1.0,0.2818718753551862
6.366366366366366,0.7444060458884197,1.0,-0.9104444760547015
6.376376376376376,0.7009653367676004,1.0,-1.6724056668858176
6.386386386386386,0.6547526984397404,1.0,1.7161634151431677
6.396396396396396,0.6059508762635505,1.0,1.4022903394326875
6.406406406406406,0.554752854384122,1.0,-0.807447622871779
6.416416416416417,0.5013610925876075,1.0,-3.014209292273254
6.426426426426427,0.44598672568507414,1.0,0.460901818040186
6.436436436436437,0.38884872859138836,1.0,-0.4469004598355478
6.446446446446447,0.33017305040083383,1.0,0.08177568452600675
6.456456456456457,0.270191720883782,1.0,-0.16211060642354408
6.466466466466467,0.20914193293756322,1.0,0.8155794443396647
6.476476476476477,0.14726510462013992,1.0,-0.1566335139987372
6.486486486486487,0.08480592447551097,1.0,1.3960652861230036
6.496496496496497,0.02201138392622526,1.0,-1.1350422338408175
6.506506506506507,-0.04087019944071087,-1.0,0.8474242617636655
6.516516516516517,-0.10359016383224266,-1.0,-0.3835470465319879
6.526526526526527,-0.16590048656871373,-1.0,-0.5885801851665763
6.536536536536537,-0.22755476487607984,-1.0,1.7052437121670136
6.546546546546547,-0.28830919027222324,-1.0,1.3160013928895165
6.556556556556557,-0.34792351269428246,-1.0,-0.5606886504782908
6.566566566566567,-0.4061619905544747,-1.0,-0.5054161269933156
6.576576576576577,-0.4627943229672985,-1.0,1.3541148550975532
6.586586586586587,-0.5175965604618814,-1.0,-0.7580594554261921
6.596596596596597,-0.5703519905779018,-1.0,-1.3843926236394732
6.606606606606607,-0.6208519948432416,-1.0,-0.0931795856095613
6.616616616616617,-0.6688968737443407,-1.0,1.1143943315664073
6.626626626626627,-0.7142966364270201,-1.0,-0.03627626275082284
6.636636636636637,-0.7568717520049937,-1.0,-0.4148661669771877
6.646646646646647,-0.796453859504929,-1.0,1.4120370572214342
6.656656656656657,-0.8328864336407756,-1.0,-0.9885316629834514
6.666666666666667,-0.866025403784439,-1.0,1.1893804189285972
6.676676676676677,-0.8957397236852542,-1.0,0.9252454599918466
6.686686686686687,-0.9219118896852257,-1.0,-0.3539479265928225
6.696696696696697,-0.9444384053808286,-1.0,0.3811228117174119
6.706706706706707,-0.9632301908939136,-1.0,0.20264563545642153
6.716716716716717,-0.9782129351332085,-1.0,-0.8911559899096775
6.726726726726727,-0.989327389653493,-1.0,0.5959096005621419
6.736736736736737,-0.9965296029503368,-1.0,0.7915635005926839
6.746746746746747,-0.9997910942639263,-1.0,-0.9397559555628235
6.756756756756757,-0.9990989662046815,-1.0,-0.3514369501217048
6.766766766766767,-0.9944559557552776,-1.0,-0.46327573316582404
6.776776776776777,-0.9858804234473952,-1.0,-0.17510012971333175
6.786786786786787,-0.9734062807560029,-1.0,-0.9446813338010724
6.796796796796797,-0.9570828559982718,-1.0,-2.0530171668427104
6.806806806806807,-0.9369746992674377,-1.0,2.1044983569617353
6.816816816816817,-0.913161327172984,-1.0,0.22850359931332745
6.826826826826827,-0.8857369083965283,-1.0,0.1046928538643991
6.836836836836837,-0.8548098913069264,-1.0,-0.31092951589343304
6.846846846846847,-0.8205025751070857,-1.0,1.6528711920006793
6.856856856856857,-0.782950626208463,-1.0,0.050788258517891365
6.866866866866867,-0.7423025417456113,-1.0,-0.30499579424592543
6.876876876876877,-0.6987190623523665,-1.0,0.1967302901833756
6.886886886886887,-0.6523725365217922,-1.0,-1.6692728899857439
6.896896896896897,-0.6034462390634242,-1.0,-0.47391681691858434
6.906906906906907,-0.5521336463530707,-1.0,2.1679902434193177
6.916916916916917,-0.49863767124099456,-1.0,-0.485465195560448
6.926926926926927,-0.4431698606441257,-1.0,-0.28739388216721506
6.936936936936937,-0.3859495589953312,-1.0,0.5139951050196334
6.946946946946947,-0.3272030408577703,-1.0,-0.1462270074213923
6.956956956956957,-0.26716261613452286,-1.0,-0.16028751871671398
6.966966966966967,-0.20606571141169008,-1.0,-0.28233654894211274
6.976976976976977,-0.14415393106795876,-1.0,1.0130676766034032
6.986986986986987,-0.08167210186321011,-1.0,-1.0713753814762943
6.996996996996997,-0.01886730478446648,-1.0,-0.9270119243733796
7.007007007007007,0.04401210202237926,1.0,1.195501471792148
7.017017017017017,0.10671746537136058,1.0,-0.6958519973108351
7.027027027027027,0.16900082032184777,1.0,-0.2812801645565571
7.037037037037037,0.23061587074244289,1.0,-0.3413156639284342
7.047047047047047,0.291318963275547,1.0,-0.39457850455871557
7.057057057057057,0.35087005085132744,1.0,-0.23160311559658198
7.067067067067067,0.40903364194074665,1.0,0.9908349744064142
7.077077077077077,0.4655797317939551,1.0,-0.26624859036360254
7.087087087087087,0.5202847119815805,1.0,-0.8008566507030862
7.097097097097097,0.5729322546420189,1.0,-2.307183713588192
7.107107107107107,0.6233141679382134,1.0,-1.0679292671741305
7.117117117117117,0.6712312193409027,1.0,0.12277737807515551
7.127127127127127,0.7164939234827812,1.0,-0.8371004000720416
7.137137137137137,0.7589232914680897,1.0,0.5946333496724634
7.147147147147147,0.7983515386744048,1.0,-0.13779537689952137
7.157157157157157,0.8346227482478186,1.0,0.6663725450460081
7.167167167167167,0.8675934876676007,1.0,-0.07583827457218205
7.177177177177177,0.8971333759423122,1.0,0.7899618727802358
7.187187187187187,0.9231255991943123,1.0,-0.12521807514038105
7.197197197197197,0.9454673725938625,1.0,-0.14520588811746532
7.207207207207207,0.9640703468161512,1.0,0.4708393841221713
7.217217217217217,0.9788609574138613,1.0,1.0813616312623682
7.227227227227227,0.9897807157237837,1.0,0.5275541874614212
7.237237237237237,0.9967864401570341,1.0,-0.42013752386369474
7.247247247247247,0.9998504269583005,1.0,-0.1276239202606037
7.257257257257257,0.9989605597588275,1.0,-0.47691271614215286
7.267267267267267,0.9941203574899394,1.0,-0.6404993379755747
7.277277277277277,0.9853489604676163,1.0,0.794262875040663
7.287287287287287,0.9726810547031607,1.0,1.2855724212817459
7.297297297297297,0.9561667347392524,1.0,-1.2401094623576057
7.307307307307307,0.9358713055538121,1.0,0.7241121888310007
7.317317317317317,0.9118750243150351,1.0,0.9895281360969834
7.327327327327327,0.8842727830087773,1.0,0.5761994997010306
7.337337337337337,0.8531737331933941,1.0,0.16528642596023863
7.347347347347347,0.8187008543658273,1.0,0.47590210637701136
7.357357357357357,0.7809904676459185,1.0,0.8738681926050047
7.367367367367367,0.7401916967019467,1.0,-0.07063797581371067
7.377377377377377,0.6964658780492221,1.0,-0.08969997621579938
7.387387387387387,0.6499859230536492,1.0,0.08765116874843744
7.397397397397397,0.6009356341631223,1.0,0.6205703169366262
7.407407407407407,0.549508978070808,1.0,-0.306507727913952
7.4174174174174174,0.495909318684388,1.0,0.08752133061541938
7.4274274274274275,0.44034861293462046,1.0,-1.1690430632512885
7.4374374374374375,0.38304657260317165,1.0,0.5411987119151375
7.4474474474474475,0.3242297954843712,1.0,-0.8194703430278353
7.4574574574574575,0.26413086931660945,1.0,0.09706908286707333
7.4674674674674675,0.2029874520267605,1.0,-0.6090822450255541
7.4774774774774775,0.14104133192492146,1.0,-0.29730256557717494
7.4874874874874875,0.07853747156567477,1.0,0.047367700518536754
7.4974974974974975,0.01572303905704208,1.0,-0.4320277725729564
7.5075075075075075,-0.04715356935230157,-1.0,0.7543324734622632
7.5175175175175175,-0.10984371154250001,-1.0,2.9714749538031007
7.5275275275275275,-0.17209948276416606,-1.0,0.23210866728880722
7.5375375375375375,-0.2336746959642535,-1.0,0.09270136935008663
7.5475475475475475,-0.29432585531927996,-1.0,0.6634304728771571
7.5575575575575575,-0.35381311912633406,-1.0,1.6963278698822668
7.5675675675675675,-0.4119012482439919,-1.0,0.10949258747960268
7.5775775775775776,-0.46836053633265706,-1.0,-1.1466790181709716
7.587587587587588,-0.5229677182158025,-1.0,0.9922073036181511
7.597597597597598,-0.5755068527698876,-1.0,0.394472677937694
7.607607607607608,-0.6257701768518067,-1.0,-1.0660734372183074
7.617617617617618,-0.6735589268868645,-1.0,-0.24666855489466316
7.627627627627628,-0.7186841248685351,-1.0,-0.766129864209539
7.637637637637638,-0.7609673256616671,-1.0,1.0152981057125123
7.647647647647648,-0.8002413226540299,-1.0,-1.1051682453981377
7.657657657657658,-0.8363508089657763,-1.0,-0.23150442939741334
7.667667667667668,-0.8691529916019975,-1.0,0.9523574443154731
7.677677677677678,-0.8985181561198647,-1.0,0.9975384099571916
7.687687687687688,-0.9243301795773077,-1.0,-0.2557409687844393
7.697697697697698,-0.946486989734851,-1.0,-1.0354493627061283
7.707707707707708,-0.964900968694739,-1.0,-0.9813697438755284
7.717717717717718,-0.9794992993811159,-1.0,-0.9011673775600023
7.727727727727728,-0.9902242534911985,-1.0,-0.6451900969067103
7.737737737737738,-0.99703341977869,-1.0,0.4171920362731067
7.747747747747748,-0.999899871766749,-1.0,-2.4173852342127895
7.757757757757758,-0.9988122742272693,-1.0,0.04748739482717202
7.767767767767768,-0.9937749280054246,-1.0,0.6322794488463233
7.777777777777778,-0.9848077530122081,-1.0,1.3901987722933968
7.787787787787788,-0.9719462094522346,-1.0,-0.345898692882597
7.797797797797798,-0.9552411575982868,-1.0,0.015801380148162587
7.807807807807808,-0.9347586566671519,-1.0,-0.009145191985203874
7.817817817817818,-0.9105797035920377,-1.0,0.17961338135470406
7.827827827827828,-0.8827999127246201,-1.0,0.8482594872802091
7.837837837837838,-0.8515291377333135,-1.0,-1.0162580573535198
7.847847847847848,-0.8168910371929056,-1.0,-0.6071175519877876
7.857857857857858,-0.7790225855834932,-1.0,-0.7192578982082539
7.867867867867868,-0.7380735316323432,-1.0,-0.7547420730746438
7.877877877877878,-0.6942058061407241,-1.0,-0.09002635787670105
7.887887887887888,-0.6475928816373979,-1.0,1.1651671079313741
7.897897897897898,-0.5984190863909277,-1.0,-0.4557157444467704
7.907907907907908,-0.5468788754936307,-1.0,-0.037219103028127636
7.917917917917918,-0.4931760618994743,-1.0,0.3428193599549177
7.927927927927928,-0.43752301045690695,-1.0,0.9035918940484531
7.937937937937938,-0.38013979812360227,-1.0,-0.37287563946819646
7.947947947947948,-0.32125334368414554,-1.0,1.5650845754021936
7.957957957957958,-0.26109651041209303,-1.0,-1.1004161742353589
7.967967967967968,-0.19990718522480544,-1.0,0.8019479697273463
7.977977977977978,-0.1379273379726574,-1.0,-0.4970139405364498
7.987987987987988,-0.07540206458240135,-1.0,-0.4372556192576981
7.997997997997998,-0.012578617838743837,-1.0,1.4226663270152282
8.008008008008009,0.0502945703633675,1.0,-0.07338093295954601
8.018018018018019,0.11296887142907822,1.0,0.3920809098484307
8.028028028028029,0.17519644325187134,1.0,0.7517378691986429
8.038038038038039,0.23673121029167915,1.0,0.15883478736512216
8.048048048048049,0.29732983666717566,1.0,-0.14650658536826794
8.058058058058059,0.3567526884142322,1.0,1.4590566045185007
8.068068068068069,0.41476478110541115,1.0,-0.27245311951738316
8.078078078078079,0.4711367090830192,1.0,-1.2651709169617866
8.088088088088089,0.5256455526313254,1.0,-0.7299191229034229
8.098098098098099,0.5780757595003727,1.0,-0.7340504024612043
8.108108108108109,0.6282199972956419,1.0,-0.35342389620826825
8.118118118118119,0.6758799733626818,1.0,1.7566595534209295
8.128128128128129,0.7208672189245855,1.0,-1.0100037079533937
8.138138138138139,0.7630038343715304,1.0,-0.7077183278721736
8.148148148148149,0.8021231927550448,1.0,-0.13140132358118214
8.158158158158159,0.8380705987052258,1.0,1.2297558990926187
8.168168168168169,0.8707039001651288,1.0,-0.04982010479657117
8.178178178178179,0.899894050523318,1.0,0.900352803924843
8.188188188188189,0.9255256189216794,1.0,-2.3783898515109425
8.198198198198199,0.9474972467204301,1.0,-1.108997079582315
8.208208208208209,0.965722048315356,1.0,-0.6842235369322756
8.218218218218219,0.980127954722177,1.0,-0.9916813379333347
8.228228228228229,0.9906579985694314,1.0,0.5156730614689269
8.238238238238239,0.997270539372833,1.0,0.2195682081295052
8.248248248248249,0.9999394282002938,1.0,-0.21743812358040465
8.258258258258259,0.9986541110764563,1.0,-1.3440629246806766
8.268268268268269,0.9934196707178105,1.0,-0.9811954023348148
8.278278278278279,0.9842568064333678,1.0,0.9892129160502124
8.288288288288289,0.9712017522703759,1.0,0.7340803791487579
8.298298298298299,0.9543061337287493,1.0,0.17557767062202917
8.308308308308309,0.933636763610845,1.0,1.2856472115179993
8.318318318318319,0.9092753778138882,1.0,-0.8330472135951722
8.328328328328329,0.8813183121098049,1.0,-1.370727781143082
8.338338338338339,0.8498761211906858,1.0,0.3977691230989681
8.348348348348349,0.8150731414862634,1.0,-2.4436490230665076
8.358358358358359,0.7770469994822872,1.0,4.008040067940034
8.368368368368369,0.735948067484104,1.0,0.9417508180608356
8.378378378378379,0.6919388689775439,1.0,0.9516332744700783
8.388388388388389,0.6451934359386932,1.0,-1.9815454583674044
8.398398398398399,0.5958966206338941,1.0,1.2943490338169856
8.408408408408409,0.5442433646315779,1.0,-1.9871896037461643
8.418418418418419,0.49043792791642193,1.0,1.3584690318521158
8.428428428428429,0.4346930811543934,1.0,1.4361748645667318
8.438438438438439,0.3772292643027705,1.0,0.40746731412148113
8.448448448448449,0.31827371489230527,1.0,-0.5055795915370702
8.458458458458459,0.25805956942884983,1.0,0.3663034068499832
8.468468468468469,0.19682494146770094,1.0,1.2978365092775281
8.478478478478479,0.13481198000658268,1.0,0.7402601136604395
8.488488488488489,0.07226591192058845,1.0,-1.384181174681947
8.498498498498499,0.009434072225894121,1.0,-1.4232435906603351
8.508508508508509,-0.05343507399305704,-1.0,0.8606091448862299
8.518518518518519,-0.11609291412523391,-1.0,2.0070995646109058
8.528528528528529,-0.17829167115797664,-1.0,0.486420940393222
8.538538538538539,-0.23978538349773373,-1.0,0.22757599032550016
8.548548548548549,-0.30033087761175215,-1.0,0.3992112078573945
8.558558558558559,-0.3596887296445346,-1.0,-0.7063793515019802
8.568568568568569,-0.4176242122064695,-1.0,0.4529924596677431
8.578578578578579,-0.4739082225904429,-1.0,0.11519202436338934
8.588588588588589,-0.5283181887460546,-1.0,-0.5567285600147549
8.598598598598599,-0.5806389494286062,-1.0,-0.057009775988034944
8.608608608608609,-0.6306636050425555,-1.0,-1.5384786296003437
8.618618618618619,-0.6781943358146678,-1.0,-0.785707487720191
8.62862862862863,-0.7230431840615086,-1.0,0.7791484451652109
8.63863863863864,-0.765032797457892,-1.0,-0.31531155167556363
8.64864864864865,-0.8039971303669406,-1.0,-0.06278514667518828
8.65865865865866,-0.839782100458542,-1.0,-0.49606159811391676
8.66866866866867,-0.8722461980194868,-1.0,1.2516928470084563
8.67867867867868,-0.9012610455459438,-1.0,1.936320475888881
8.68868868868869,-0.9267119054052857,-1.0,-0.7310338913083567
8.6986986986987,-0.948498133559795,-1.0,-0.10268264084690852
8.70870870870871,-0.9665335775580424,-1.0,-0.9210877989003906
8.71871871871872,-0.9807469172200398,-1.0,-0.6552223672283568
8.72872872872873,-0.9910819466690192,-1.0,-0.028535363717758517
8.73873873873874,-0.9974977965944998,-1.0,0.38465490780225137
8.74874874874875,-0.999969095867747,-1.0,1.5937567290587076
8.75875875875876,-0.9984860718705225,-1.0,0.863910917521794
8.76876876876877,-0.9930545891403677,-1.0,-1.8340094039100057
8.77877877877878,-0.9836961261796096,-1.0,0.12237576222460492
8.78878878878879,-0.9704476905197971,-1.0,1.1440477293012097
8.7987987987988,-0.9533616723774302,-1.0,-0.33082229559038495
8.80880880880881,-0.9325056374797068,-1.0,0.9858716030824017
8.81881881881882,-0.9079620598795467,-1.0,0.4074147745300628
8.82882882882883,-0.8798279958164281,-1.0,0.01724975068074286
8.83883883883884,-0.8482146999128026,-1.0,0.8038857587618978
8.84884884884885,-0.813247185223731,-1.0,1.117463739788565
8.85885885885886,-0.7750637288796014,-1.0,0.7308600502249829
8.86886886886887,-0.7338153252767294,-1.0,-0.44864751862773844
8.87887887887888,-0.6896650889782607,-1.0,-1.5865263871136912
8.88888888888889,-0.6427876096865404,-1.0,-1.2552224825284457
8.8988988988989,-0.5933682618376181,-1.0,-0.027694807102794306
8.90890890890891,-0.5416024715481903,-1.0,0.3434127997375833
8.91891891891892,-0.4876949438136312,-1.0,-0.14109393951439417
8.92892892892893,-0.4318588530132967,-1.0,-1.228803431926161
8.93893893893894,-0.37431499992402106,-1.0,-1.4951416293160034
8.94894894894895,-0.3152909385755008,-1.0,-0.2037807039673499
8.95895895895896,-0.25502007640031166,-1.0,-0.3480708500289016
8.96896896896897,-0.19374075123689483,-1.0,-0.36480325506889827
8.97897897897898,-0.13169528883562373,-1.0,0.3720426865901517
8.98898898898899,-0.06912904459478769,-1.0,-0.3472314402171092
8.998998998999,-0.006289433316066811,-1.0,1.14951125701873
9.00900900900901,0.05657504918379028,1.0,-0.2901723054216642
9.01901901901902,0.11921580873617535,1.0,0.12083065292704107
9.02902902902903,0.18138513587265012,1.0,-1.0097684214928706
9.03903903903904,0.2428371853785902,1.0,-0.09388779864903678
9.04904904904905,0.3033289484746267,1.0,-0.9826737924878614
9.05905905905906,0.3626212137816642,1.0,1.2746801373977665
9.06906906906907,0.42047951326921534,1.0,0.752207252084837
9.07907907907908,0.47667504944642575,1.0,0.2712735003117368
9.08908908908909,0.530985600129322,1.0,-0.44741788571613905
9.0990990990991,0.5831963972062726,1.0,0.11539106884530476
9.10910910910911,0.6331009759268238,1.0,-0.5782162613997808
9.11911911911912,0.6805019913552526,1.0,1.1370821923875754
9.12912912912913,0.7252119987603954,1.0,0.5511941689118806
9.13913913913914,0.7670541948555997,1.0,-0.7895616528979088
9.14914914914915,0.8058631169576682,1.0,1.1152481897170623
9.15915915915916,0.8414852973000514,1.0,-1.4043247796385052
9.16916916916917,0.8737798699127282,1.0,-1.4724001828570983
9.17917917917918,0.9026191276690323,1.0,-1.225210423256885
9.18918918918919,0.9278890272965093,1.0,0.9380577291319476
9.1991991991992,0.9494896403548126,1.0,1.3570668844447895
9.20920920920921,0.9673355483972909,1.0,0.4039229102831293
9.21921921921922,0.9813561807535592,1.0,-0.9895727994657877
9.22922922922923,0.991496093597385,1.0,0.30703266665838586
9.23923923923924,0.9977151891962615,1.0,1.7252479116129333
9.24924924924925,0.999988874475714,1.0,-0.4576804945360197
9.25925925925926,0.9983081582712683,1.0,0.7223757630230287
9.26926926926927,0.9926796868835204,1.0,0.14450461165897283
9.27927927927928,0.983125717795704,1.0,-0.2504562563024405
9.28928928928929,0.9696840316576881,1.0,0.39635401016205657
9.2992992992993,0.9524077828844507,1.0,1.8707316623834656
9.30930930930931,0.9313652894598542,1.0,0.6703511963145489
9.31931931931932,0.9066397627768905,1.0,-0.380489562985972
9.32932932932933,0.8783289785827681,1.0,0.23364171043037052
9.33933933933934,0.8465448903300616,1.0,-2.4006845152713163
9.34934934934935,0.8114131864628648,1.0,-0.04630722548214482
9.35935935935936,0.7730727933887186,1.0,-0.25259871535103406
9.36936936936937,0.7316753261016813,1.0,-0.16907821088308583
9.37937937937938,0.6873844886291104,1.0,1.003458996290712
9.38938938938939,0.6403754266730283,1.0,1.649567790214185
9.3993993993994,0.5908340350059571,1.0,-2.2287950335817257
9.40940940940941,0.538956222360218,1.0,-0.1511362021114549
9.41941941941942,0.4849471367174859,1.0,1.3213385960180555
9.42942942942943,0.4290203540623273,1.0,-0.8586984713358049
9.43943943943944,0.37139703380757183,1.0,0.7393828400936416
9.44944944944945,0.3123050442314894,1.0,0.9173054311729303
9.45945945945946,0.251978061385128,1.0,1.1459225224741914
9.46946946946947,0.1906546450330634,1.0,-0.03380530233797201
9.47947947947948,0.12857729528187048,1.0,-1.2101170441113922
9.48948948948949,0.06599149362661826,1.0,0.198830474200763
9.4994994994995,0.003144732207737115,1.0,0.3331670254877229
9.50950950950951,-0.05971446488320613,-1.0,0.4863085866630794
9.51951951951952,-0.12233752437845752,-1.0,-0.05618689189965877
9.52952952952953,-0.1844768068034897,-1.0,-1.207532216186241
9.53953953953954,-0.24588658575385164,-1.0,-0.8208805021613378
9.54954954954955,-0.3063240196067819,-1.0,-0.650789067544346
9.55955955955956,-0.36555011182521474,-1.0,1.1746062634924406
9.56956956956957,-0.4233306560565339,-1.0,-0.7786389314396481
9.57957957957958,-0.47943716228880656,-1.0,-0.18624726892497556
9.58958958958959,-0.5336477604021227,-1.0,-0.24382387183590756
9.5995995995996,-0.5857480775418372,-1.0,-1.3290518313418105
9.60960960960961,-0.6355320858443853,-1.0,0.6432640683217262
9.61961961961962,-0.682802917163188,-1.0,0.701821482373304
9.62962962962963,-0.7273736415730457,-1.0,0.4538652550583445
9.63963963963964,-0.7690680065743166,-1.0,0.013897620508262425
9.64964964964965,-0.8077211340738049,-1.0,1.152615760319612
9.65965965965966,-0.8431801723862228,-1.0,0.8284045198537608
9.66966966966967,-0.8753049006778119,-1.0,1.265511100068924
9.67967967967968,-0.9039682834620167,-1.0,0.47394999371889934
9.68968968968969,-0.9290569729543623,-1.0,-0.24595932994755734
9.6996996996997,-0.9504717573001104,-1.0,-1.9800209217475109
9.70970970970971,-0.968127952902119,-1.0,0.6198726779204844
9.71971971971972,-0.981955739297506,-1.0,-0.9521122299900447
9.72972972972973,-0.9919004352588768,-1.0,1.4852834471759637
9.73973973973974,-0.9979227150282431,-1.0,1.9495504871709253
9.74974974974975,-0.9999987638285973,-1.0,1.8614609886880351
9.75975975975976,-0.9981203720381464,-1.0,0.6428823158827559
9.76976976976977,-0.9922949676548141,-1.0,0.544563655647453
9.77977977977978,-0.9825455869226278,-1.0,-0.9901376078431179
9.78978978978979,-0.9689107832361505,-1.0,0.27562428929311594
9.7997997997998,-0.9514444746831764,-1.0,0.9504900143345696
9.80980980980981,-0.930215730828605,-1.0,0.029390266834772496
9.81981981981982,-0.9053084995825986,-1.0,-0.7419779577272828
9.82982982982983,-0.8768212752331539,-1.0,-0.9009128893678786
9.83983983983984,-0.84486670895582,-1.0,-0.6850072425046665
9.84984984984985,-0.809571163340744,-1.0,-0.6065766373466082
9.85985985985986,-0.7710742126987267,-1.0,-0.04733272696480873
9.86986986986987,-0.7295280911221876,-1.0,0.28782716627461336
9.87987987987988,-0.6850970904837822,-1.0,0.5246144484775248
9.88988988988989,-0.6379569107531156,-1.0,-1.013444674550939
9.8998998998999,-0.5882939652008056,-1.0,0.5299046794787675
9.90990990990991,-0.5363046432373856,-1.0,-1.526654816427687
9.91991991991992,-0.48219453380204735,-1.0,-1.2426601925329295
9.92992992992993,-0.4261776123724377,-1.0,0.29512178461869165
9.93993993993994,-0.3684753948102552,-1.0,0.06791402938834706
9.94994994994995,-0.30931606138887047,-1.0,-0.9059116520716939
9.95995995995996,-0.2489335544668961,-1.0,-1.889692860771735
9.96996996996997,-0.18756665337583764,-1.0,0.034889534284666186
9.97997997997998,-0.12545803018029955,-1.0,0.3212802463279255
9.98998998998999,-0.06285329004448137,-1.0,0.354473901101128
10.0,-2.4492935982947065e-15,-1.0,-0.6310549614631453
